[Header],,,,,,,,,,,,,,,,,,,,,,,,,,,,,,,,,,,,,,,,,,,,,,,,,,,,,,,,,,,,,,,,,,,,,,,,,,,,,,,,,,,,,,,,,,,,,,,,,,,,,,,,,,,,,,,,,,,,,,,,,,,,,,,,,,,,,,,,,,,,,,,,,,,,,,,,,,,,,,,,,,,,,,,,,,,,,,,,,,,,,,,,,,,,,,,,,,,,,,,,,,,,,,,
File opened,3/29/22 10:10,,,,,,,,,,,,,,,,,,,,,,,,,,,,,,,,,,,,,,,,,,,,,,,,,,,,,,,,,,,,,,,,,,,,,,,,,,,,,,,,,,,,,,,,,,,,,,,,,,,,,,,,,,,,,,,,,,,,,,,,,,,,,,,,,,,,,,,,,,,,,,,,,,,,,,,,,,,,,,,,,,,,,,,,,,,,,,,,,,,,,,,,,,,,,,,,,,,,,,,,,,,,,,
Console s/n,68C-901352,,,,,,,,,,,,,,,,,,,,,,,,,,,,,,,,,,,,,,,,,,,,,,,,,,,,,,,,,,,,,,,,,,,,,,,,,,,,,,,,,,,,,,,,,,,,,,,,,,,,,,,,,,,,,,,,,,,,,,,,,,,,,,,,,,,,,,,,,,,,,,,,,,,,,,,,,,,,,,,,,,,,,,,,,,,,,,,,,,,,,,,,,,,,,,,,,,,,,,,,,,,,,,
Console ver,Bluestem v.2.0.04,,,,,,,,,,,,,,,,,,,,,,,,,,,,,,,,,,,,,,,,,,,,,,,,,,,,,,,,,,,,,,,,,,,,,,,,,,,,,,,,,,,,,,,,,,,,,,,,,,,,,,,,,,,,,,,,,,,,,,,,,,,,,,,,,,,,,,,,,,,,,,,,,,,,,,,,,,,,,,,,,,,,,,,,,,,,,,,,,,,,,,,,,,,,,,,,,,,,,,,,,,,,,,
Scripts ver,"2021.08  2.0.04, Aug 2021",,,,,,,,,,,,,,,,,,,,,,,,,,,,,,,,,,,,,,,,,,,,,,,,,,,,,,,,,,,,,,,,,,,,,,,,,,,,,,,,,,,,,,,,,,,,,,,,,,,,,,,,,,,,,,,,,,,,,,,,,,,,,,,,,,,,,,,,,,,,,,,,,,,,,,,,,,,,,,,,,,,,,,,,,,,,,,,,,,,,,,,,,,,,,,,,,,,,,,,,,,,,,,
Head s/n,68H-581348,,,,,,,,,,,,,,,,,,,,,,,,,,,,,,,,,,,,,,,,,,,,,,,,,,,,,,,,,,,,,,,,,,,,,,,,,,,,,,,,,,,,,,,,,,,,,,,,,,,,,,,,,,,,,,,,,,,,,,,,,,,,,,,,,,,,,,,,,,,,,,,,,,,,,,,,,,,,,,,,,,,,,,,,,,,,,,,,,,,,,,,,,,,,,,,,,,,,,,,,,,,,,,
Head ver,1.4.7,,,,,,,,,,,,,,,,,,,,,,,,,,,,,,,,,,,,,,,,,,,,,,,,,,,,,,,,,,,,,,,,,,,,,,,,,,,,,,,,,,,,,,,,,,,,,,,,,,,,,,,,,,,,,,,,,,,,,,,,,,,,,,,,,,,,,,,,,,,,,,,,,,,,,,,,,,,,,,,,,,,,,,,,,,,,,,,,,,,,,,,,,,,,,,,,,,,,,,,,,,,,,,
Head cal,,,,,,,,,,,,,,,,,,,,,,,,,,,,,,,,,,,,,,,,,,,,,,,,,,,,,,,,,,,,,,,,,,,,,,,,,,,,,,,,,,,,,,,,,,,,,,,,,,,,,,,,,,,,,,,,,,,,,,,,,,,,,,,,,,,,,,,,,,,,,,,,,,,,,,,,,,,,,,,,,,,,,,,,,,,,,,,,,,,,,,,,,,,,,,,,,,,,,,,,,,,,,,,
CO2 rangematch,,,,,,,,,,,,,,,,,,,,,,,,,,,,,,,,,,,,,,,,,,,,,,,,,,,,,,,,,,,,,,,,,,,,,,,,,,,,,,,,,,,,,,,,,,,,,,,,,,,,,,,,,,,,,,,,,,,,,,,,,,,,,,,,,,,,,,,,,,,,,,,,,,,,,,,,,,,,,,,,,,,,,,,,,,,,,,,,,,,,,,,,,,,,,,,,,,,,,,,,,,,,,,,
H2O rangematch,,,,,,,,,,,,,,,,,,,,,,,,,,,,,,,,,,,,,,,,,,,,,,,,,,,,,,,,,,,,,,,,,,,,,,,,,,,,,,,,,,,,,,,,,,,,,,,,,,,,,,,,,,,,,,,,,,,,,,,,,,,,,,,,,,,,,,,,,,,,,,,,,,,,,,,,,,,,,,,,,,,,,,,,,,,,,,,,,,,,,,,,,,,,,,,,,,,,,,,,,,,,,,,
Chamber type,6800-01A,,,,,,,,,,,,,,,,,,,,,,,,,,,,,,,,,,,,,,,,,,,,,,,,,,,,,,,,,,,,,,,,,,,,,,,,,,,,,,,,,,,,,,,,,,,,,,,,,,,,,,,,,,,,,,,,,,,,,,,,,,,,,,,,,,,,,,,,,,,,,,,,,,,,,,,,,,,,,,,,,,,,,,,,,,,,,,,,,,,,,,,,,,,,,,,,,,,,,,,,,,,,,,
Chamber s/n,MPF-651288,,,,,,,,,,,,,,,,,,,,,,,,,,,,,,,,,,,,,,,,,,,,,,,,,,,,,,,,,,,,,,,,,,,,,,,,,,,,,,,,,,,,,,,,,,,,,,,,,,,,,,,,,,,,,,,,,,,,,,,,,,,,,,,,,,,,,,,,,,,,,,,,,,,,,,,,,,,,,,,,,,,,,,,,,,,,,,,,,,,,,,,,,,,,,,,,,,,,,,,,,,,,,,
Chamber rev,0,,,,,,,,,,,,,,,,,,,,,,,,,,,,,,,,,,,,,,,,,,,,,,,,,,,,,,,,,,,,,,,,,,,,,,,,,,,,,,,,,,,,,,,,,,,,,,,,,,,,,,,,,,,,,,,,,,,,,,,,,,,,,,,,,,,,,,,,,,,,,,,,,,,,,,,,,,,,,,,,,,,,,,,,,,,,,,,,,,,,,,,,,,,,,,,,,,,,,,,,,,,,,,
Chamber cal,0,,,,,,,,,,,,,,,,,,,,,,,,,,,,,,,,,,,,,,,,,,,,,,,,,,,,,,,,,,,,,,,,,,,,,,,,,,,,,,,,,,,,,,,,,,,,,,,,,,,,,,,,,,,,,,,,,,,,,,,,,,,,,,,,,,,,,,,,,,,,,,,,,,,,,,,,,,,,,,,,,,,,,,,,,,,,,,,,,,,,,,,,,,,,,,,,,,,,,,,,,,,,,,
Fluorometer,MPF-651288,,,,,,,,,,,,,,,,,,,,,,,,,,,,,,,,,,,,,,,,,,,,,,,,,,,,,,,,,,,,,,,,,,,,,,,,,,,,,,,,,,,,,,,,,,,,,,,,,,,,,,,,,,,,,,,,,,,,,,,,,,,,,,,,,,,,,,,,,,,,,,,,,,,,,,,,,,,,,,,,,,,,,,,,,,,,,,,,,,,,,,,,,,,,,,,,,,,,,,,,,,,,,,
Flr. Version,1.4.7,,,,,,,,,,,,,,,,,,,,,,,,,,,,,,,,,,,,,,,,,,,,,,,,,,,,,,,,,,,,,,,,,,,,,,,,,,,,,,,,,,,,,,,,,,,,,,,,,,,,,,,,,,,,,,,,,,,,,,,,,,,,,,,,,,,,,,,,,,,,,,,,,,,,,,,,,,,,,,,,,,,,,,,,,,,,,,,,,,,,,,,,,,,,,,,,,,,,,,,,,,,,,,
10:10:38,Stability Definition:,ΔH2O (Meas2): Slp<0.5 Per=20,ΔCO2 (Meas2): Slp<0.1 Per=20,,,,,,,,,,,,,,,,,,,,,,,,,,,,,,,,,,,,,,,,,,,,,,,,,,,,,,,,,,,,,,,,,,,,,,,,,,,,,,,,,,,,,,,,,,,,,,,,,,,,,,,,,,,,,,,,,,,,,,,,,,,,,,,,,,,,,,,,,,,,,,,,,,,,,,,,,,,,,,,,,,,,,,,,,,,,,,,,,,,,,,,,,,,,,,,,,,,,,,,,,,,,
SysConst:AvgTime,4,,,,,,,,,,,,,,,,,,,,,,,,,,,,,,,,,,,,,,,,,,,,,,,,,,,,,,,,,,,,,,,,,,,,,,,,,,,,,,,,,,,,,,,,,,,,,,,,,,,,,,,,,,,,,,,,,,,,,,,,,,,,,,,,,,,,,,,,,,,,,,,,,,,,,,,,,,,,,,,,,,,,,,,,,,,,,,,,,,,,,,,,,,,,,,,,,,,,,,,,,,,,,,
SysConst:Oxygen,21,,,,,,,,,,,,,,,,,,,,,,,,,,,,,,,,,,,,,,,,,,,,,,,,,,,,,,,,,,,,,,,,,,,,,,,,,,,,,,,,,,,,,,,,,,,,,,,,,,,,,,,,,,,,,,,,,,,,,,,,,,,,,,,,,,,,,,,,,,,,,,,,,,,,,,,,,,,,,,,,,,,,,,,,,,,,,,,,,,,,,,,,,,,,,,,,,,,,,,,,,,,,,,
ChambConst:Chamber,6800-01A,,,,,,,,,,,,,,,,,,,,,,,,,,,,,,,,,,,,,,,,,,,,,,,,,,,,,,,,,,,,,,,,,,,,,,,,,,,,,,,,,,,,,,,,,,,,,,,,,,,,,,,,,,,,,,,,,,,,,,,,,,,,,,,,,,,,,,,,,,,,,,,,,,,,,,,,,,,,,,,,,,,,,,,,,,,,,,,,,,,,,,,,,,,,,,,,,,,,,,,,,,,,,,
ChambConst:Aperture,6 cm²,,,,,,,,,,,,,,,,,,,,,,,,,,,,,,,,,,,,,,,,,,,,,,,,,,,,,,,,,,,,,,,,,,,,,,,,,,,,,,,,,,,,,,,,,,,,,,,,,,,,,,,,,,,,,,,,,,,,,,,,,,,,,,,,,,,,,,,,,,,,,,,,,,,,,,,,,,,,,,,,,,,,,,,,,,,,,,,,,,,,,,,,,,,,,,,,,,,,,,,,,,,,,,
ChambConst:blc_a,0.578,,,,,,,,,,,,,,,,,,,,,,,,,,,,,,,,,,,,,,,,,,,,,,,,,,,,,,,,,,,,,,,,,,,,,,,,,,,,,,,,,,,,,,,,,,,,,,,,,,,,,,,,,,,,,,,,,,,,,,,,,,,,,,,,,,,,,,,,,,,,,,,,,,,,,,,,,,,,,,,,,,,,,,,,,,,,,,,,,,,,,,,,,,,,,,,,,,,,,,,,,,,,,,
ChambConst:blc_b,0.5229739,,,,,,,,,,,,,,,,,,,,,,,,,,,,,,,,,,,,,,,,,,,,,,,,,,,,,,,,,,,,,,,,,,,,,,,,,,,,,,,,,,,,,,,,,,,,,,,,,,,,,,,,,,,,,,,,,,,,,,,,,,,,,,,,,,,,,,,,,,,,,,,,,,,,,,,,,,,,,,,,,,,,,,,,,,,,,,,,,,,,,,,,,,,,,,,,,,,,,,,,,,,,,,
ChambConst:blc_c,0.003740252,,,,,,,,,,,,,,,,,,,,,,,,,,,,,,,,,,,,,,,,,,,,,,,,,,,,,,,,,,,,,,,,,,,,,,,,,,,,,,,,,,,,,,,,,,,,,,,,,,,,,,,,,,,,,,,,,,,,,,,,,,,,,,,,,,,,,,,,,,,,,,,,,,,,,,,,,,,,,,,,,,,,,,,,,,,,,,,,,,,,,,,,,,,,,,,,,,,,,,,,,,,,,,
ChambConst:blc_d,-0.06197961,,,,,,,,,,,,,,,,,,,,,,,,,,,,,,,,,,,,,,,,,,,,,,,,,,,,,,,,,,,,,,,,,,,,,,,,,,,,,,,,,,,,,,,,,,,,,,,,,,,,,,,,,,,,,,,,,,,,,,,,,,,,,,,,,,,,,,,,,,,,,,,,,,,,,,,,,,,,,,,,,,,,,,,,,,,,,,,,,,,,,,,,,,,,,,,,,,,,,,,,,,,,,,
ChambConst:blc_e,-0.005608586,,,,,,,,,,,,,,,,,,,,,,,,,,,,,,,,,,,,,,,,,,,,,,,,,,,,,,,,,,,,,,,,,,,,,,,,,,,,,,,,,,,,,,,,,,,,,,,,,,,,,,,,,,,,,,,,,,,,,,,,,,,,,,,,,,,,,,,,,,,,,,,,,,,,,,,,,,,,,,,,,,,,,,,,,,,,,,,,,,,,,,,,,,,,,,,,,,,,,,,,,,,,,,
ChambConst:blc_minS,1,,,,,,,,,,,,,,,,,,,,,,,,,,,,,,,,,,,,,,,,,,,,,,,,,,,,,,,,,,,,,,,,,,,,,,,,,,,,,,,,,,,,,,,,,,,,,,,,,,,,,,,,,,,,,,,,,,,,,,,,,,,,,,,,,,,,,,,,,,,,,,,,,,,,,,,,,,,,,,,,,,,,,,,,,,,,,,,,,,,,,,,,,,,,,,,,,,,,,,,,,,,,,,
ChambConst:blc_maxS,6,,,,,,,,,,,,,,,,,,,,,,,,,,,,,,,,,,,,,,,,,,,,,,,,,,,,,,,,,,,,,,,,,,,,,,,,,,,,,,,,,,,,,,,,,,,,,,,,,,,,,,,,,,,,,,,,,,,,,,,,,,,,,,,,,,,,,,,,,,,,,,,,,,,,,,,,,,,,,,,,,,,,,,,,,,,,,,,,,,,,,,,,,,,,,,,,,,,,,,,,,,,,,,
ChambConst:blc_Po,96.9,,,,,,,,,,,,,,,,,,,,,,,,,,,,,,,,,,,,,,,,,,,,,,,,,,,,,,,,,,,,,,,,,,,,,,,,,,,,,,,,,,,,,,,,,,,,,,,,,,,,,,,,,,,,,,,,,,,,,,,,,,,,,,,,,,,,,,,,,,,,,,,,,,,,,,,,,,,,,,,,,,,,,,,,,,,,,,,,,,,,,,,,,,,,,,,,,,,,,,,,,,,,,,
LTConst:deltaTw,0,,,,,,,,,,,,,,,,,,,,,,,,,,,,,,,,,,,,,,,,,,,,,,,,,,,,,,,,,,,,,,,,,,,,,,,,,,,,,,,,,,,,,,,,,,,,,,,,,,,,,,,,,,,,,,,,,,,,,,,,,,,,,,,,,,,,,,,,,,,,,,,,,,,,,,,,,,,,,,,,,,,,,,,,,,,,,,,,,,,,,,,,,,,,,,,,,,,,,,,,,,,,,,
LTConst:fT1,1,,,,,,,,,,,,,,,,,,,,,,,,,,,,,,,,,,,,,,,,,,,,,,,,,,,,,,,,,,,,,,,,,,,,,,,,,,,,,,,,,,,,,,,,,,,,,,,,,,,,,,,,,,,,,,,,,,,,,,,,,,,,,,,,,,,,,,,,,,,,,,,,,,,,,,,,,,,,,,,,,,,,,,,,,,,,,,,,,,,,,,,,,,,,,,,,,,,,,,,,,,,,,,
LTConst:fT2,0,,,,,,,,,,,,,,,,,,,,,,,,,,,,,,,,,,,,,,,,,,,,,,,,,,,,,,,,,,,,,,,,,,,,,,,,,,,,,,,,,,,,,,,,,,,,,,,,,,,,,,,,,,,,,,,,,,,,,,,,,,,,,,,,,,,,,,,,,,,,,,,,,,,,,,,,,,,,,,,,,,,,,,,,,,,,,,,,,,,,,,,,,,,,,,,,,,,,,,,,,,,,,,
LTConst:fTeb,0,,,,,,,,,,,,,,,,,,,,,,,,,,,,,,,,,,,,,,,,,,,,,,,,,,,,,,,,,,,,,,,,,,,,,,,,,,,,,,,,,,,,,,,,,,,,,,,,,,,,,,,,,,,,,,,,,,,,,,,,,,,,,,,,,,,,,,,,,,,,,,,,,,,,,,,,,,,,,,,,,,,,,,,,,,,,,,,,,,,,,,,,,,,,,,,,,,,,,,,,,,,,,,
LQConst:Leaf,standard,,,,,,,,,,,,,,,,,,,,,,,,,,,,,,,,,,,,,,,,,,,,,,,,,,,,,,,,,,,,,,,,,,,,,,,,,,,,,,,,,,,,,,,,,,,,,,,,,,,,,,,,,,,,,,,,,,,,,,,,,,,,,,,,,,,,,,,,,,,,,,,,,,,,,,,,,,,,,,,,,,,,,,,,,,,,,,,,,,,,,,,,,,,,,,,,,,,,,,,,,,,,,,
LQConst:Ambient,Sun+Sky,,,,,,,,,,,,,,,,,,,,,,,,,,,,,,,,,,,,,,,,,,,,,,,,,,,,,,,,,,,,,,,,,,,,,,,,,,,,,,,,,,,,,,,,,,,,,,,,,,,,,,,,,,,,,,,,,,,,,,,,,,,,,,,,,,,,,,,,,,,,,,,,,,,,,,,,,,,,,,,,,,,,,,,,,,,,,,,,,,,,,,,,,,,,,,,,,,,,,,,,,,,,,,
LQConst:abs_ambient,0.8,,,,,,,,,,,,,,,,,,,,,,,,,,,,,,,,,,,,,,,,,,,,,,,,,,,,,,,,,,,,,,,,,,,,,,,,,,,,,,,,,,,,,,,,,,,,,,,,,,,,,,,,,,,,,,,,,,,,,,,,,,,,,,,,,,,,,,,,,,,,,,,,,,,,,,,,,,,,,,,,,,,,,,,,,,,,,,,,,,,,,,,,,,,,,,,,,,,,,,,,,,,,,,
LQConst:abs_redLED,0.84,,,,,,,,,,,,,,,,,,,,,,,,,,,,,,,,,,,,,,,,,,,,,,,,,,,,,,,,,,,,,,,,,,,,,,,,,,,,,,,,,,,,,,,,,,,,,,,,,,,,,,,,,,,,,,,,,,,,,,,,,,,,,,,,,,,,,,,,,,,,,,,,,,,,,,,,,,,,,,,,,,,,,,,,,,,,,,,,,,,,,,,,,,,,,,,,,,,,,,,,,,,,,,
LQConst:abs_greenLED,0.7,,,,,,,,,,,,,,,,,,,,,,,,,,,,,,,,,,,,,,,,,,,,,,,,,,,,,,,,,,,,,,,,,,,,,,,,,,,,,,,,,,,,,,,,,,,,,,,,,,,,,,,,,,,,,,,,,,,,,,,,,,,,,,,,,,,,,,,,,,,,,,,,,,,,,,,,,,,,,,,,,,,,,,,,,,,,,,,,,,,,,,,,,,,,,,,,,,,,,,,,,,,,,,
LQConst:abs_blueLED,0.87,,,,,,,,,,,,,,,,,,,,,,,,,,,,,,,,,,,,,,,,,,,,,,,,,,,,,,,,,,,,,,,,,,,,,,,,,,,,,,,,,,,,,,,,,,,,,,,,,,,,,,,,,,,,,,,,,,,,,,,,,,,,,,,,,,,,,,,,,,,,,,,,,,,,,,,,,,,,,,,,,,,,,,,,,,,,,,,,,,,,,,,,,,,,,,,,,,,,,,,,,,,,,,
LQConst:abs_whiteLED,0.75,,,,,,,,,,,,,,,,,,,,,,,,,,,,,,,,,,,,,,,,,,,,,,,,,,,,,,,,,,,,,,,,,,,,,,,,,,,,,,,,,,,,,,,,,,,,,,,,,,,,,,,,,,,,,,,,,,,,,,,,,,,,,,,,,,,,,,,,,,,,,,,,,,,,,,,,,,,,,,,,,,,,,,,,,,,,,,,,,,,,,,,,,,,,,,,,,,,,,,,,,,,,,,
LQConst:abs_redFlr,0.84,,,,,,,,,,,,,,,,,,,,,,,,,,,,,,,,,,,,,,,,,,,,,,,,,,,,,,,,,,,,,,,,,,,,,,,,,,,,,,,,,,,,,,,,,,,,,,,,,,,,,,,,,,,,,,,,,,,,,,,,,,,,,,,,,,,,,,,,,,,,,,,,,,,,,,,,,,,,,,,,,,,,,,,,,,,,,,,,,,,,,,,,,,,,,,,,,,,,,,,,,,,,,,
LQConst:abs_blueFlr,0.87,,,,,,,,,,,,,,,,,,,,,,,,,,,,,,,,,,,,,,,,,,,,,,,,,,,,,,,,,,,,,,,,,,,,,,,,,,,,,,,,,,,,,,,,,,,,,,,,,,,,,,,,,,,,,,,,,,,,,,,,,,,,,,,,,,,,,,,,,,,,,,,,,,,,,,,,,,,,,,,,,,,,,,,,,,,,,,,,,,,,,,,,,,,,,,,,,,,,,,,,,,,,,,
LQConst:k_ambient,0.1911,,,,,,,,,,,,,,,,,,,,,,,,,,,,,,,,,,,,,,,,,,,,,,,,,,,,,,,,,,,,,,,,,,,,,,,,,,,,,,,,,,,,,,,,,,,,,,,,,,,,,,,,,,,,,,,,,,,,,,,,,,,,,,,,,,,,,,,,,,,,,,,,,,,,,,,,,,,,,,,,,,,,,,,,,,,,,,,,,,,,,,,,,,,,,,,,,,,,,,,,,,,,,,
LQConst:k_redLED,0.1512,,,,,,,,,,,,,,,,,,,,,,,,,,,,,,,,,,,,,,,,,,,,,,,,,,,,,,,,,,,,,,,,,,,,,,,,,,,,,,,,,,,,,,,,,,,,,,,,,,,,,,,,,,,,,,,,,,,,,,,,,,,,,,,,,,,,,,,,,,,,,,,,,,,,,,,,,,,,,,,,,,,,,,,,,,,,,,,,,,,,,,,,,,,,,,,,,,,,,,,,,,,,,,
LQConst:k_greenLED,0.161,,,,,,,,,,,,,,,,,,,,,,,,,,,,,,,,,,,,,,,,,,,,,,,,,,,,,,,,,,,,,,,,,,,,,,,,,,,,,,,,,,,,,,,,,,,,,,,,,,,,,,,,,,,,,,,,,,,,,,,,,,,,,,,,,,,,,,,,,,,,,,,,,,,,,,,,,,,,,,,,,,,,,,,,,,,,,,,,,,,,,,,,,,,,,,,,,,,,,,,,,,,,,,
LQConst:k_blueLED,0.2262,,,,,,,,,,,,,,,,,,,,,,,,,,,,,,,,,,,,,,,,,,,,,,,,,,,,,,,,,,,,,,,,,,,,,,,,,,,,,,,,,,,,,,,,,,,,,,,,,,,,,,,,,,,,,,,,,,,,,,,,,,,,,,,,,,,,,,,,,,,,,,,,,,,,,,,,,,,,,,,,,,,,,,,,,,,,,,,,,,,,,,,,,,,,,,,,,,,,,,,,,,,,,,
LQConst:k_whiteLED,0.1575,,,,,,,,,,,,,,,,,,,,,,,,,,,,,,,,,,,,,,,,,,,,,,,,,,,,,,,,,,,,,,,,,,,,,,,,,,,,,,,,,,,,,,,,,,,,,,,,,,,,,,,,,,,,,,,,,,,,,,,,,,,,,,,,,,,,,,,,,,,,,,,,,,,,,,,,,,,,,,,,,,,,,,,,,,,,,,,,,,,,,,,,,,,,,,,,,,,,,,,,,,,,,,
LQConst:k_redFlr,0.1596,,,,,,,,,,,,,,,,,,,,,,,,,,,,,,,,,,,,,,,,,,,,,,,,,,,,,,,,,,,,,,,,,,,,,,,,,,,,,,,,,,,,,,,,,,,,,,,,,,,,,,,,,,,,,,,,,,,,,,,,,,,,,,,,,,,,,,,,,,,,,,,,,,,,,,,,,,,,,,,,,,,,,,,,,,,,,,,,,,,,,,,,,,,,,,,,,,,,,,,,,,,,,,
LQConst:k_blueFlr,0.2175,,,,,,,,,,,,,,,,,,,,,,,,,,,,,,,,,,,,,,,,,,,,,,,,,,,,,,,,,,,,,,,,,,,,,,,,,,,,,,,,,,,,,,,,,,,,,,,,,,,,,,,,,,,,,,,,,,,,,,,,,,,,,,,,,,,,,,,,,,,,,,,,,,,,,,,,,,,,,,,,,,,,,,,,,,,,,,,,,,,,,,,,,,,,,,,,,,,,,,,,,,,,,,
QConst:fQ_Amb_in,0,,,,,,,,,,,,,,,,,,,,,,,,,,,,,,,,,,,,,,,,,,,,,,,,,,,,,,,,,,,,,,,,,,,,,,,,,,,,,,,,,,,,,,,,,,,,,,,,,,,,,,,,,,,,,,,,,,,,,,,,,,,,,,,,,,,,,,,,,,,,,,,,,,,,,,,,,,,,,,,,,,,,,,,,,,,,,,,,,,,,,,,,,,,,,,,,,,,,,,,,,,,,,,
QConst:fQ_Amb_out,0,,,,,,,,,,,,,,,,,,,,,,,,,,,,,,,,,,,,,,,,,,,,,,,,,,,,,,,,,,,,,,,,,,,,,,,,,,,,,,,,,,,,,,,,,,,,,,,,,,,,,,,,,,,,,,,,,,,,,,,,,,,,,,,,,,,,,,,,,,,,,,,,,,,,,,,,,,,,,,,,,,,,,,,,,,,,,,,,,,,,,,,,,,,,,,,,,,,,,,,,,,,,,,
QConst:fQ_HeadLS,0,,,,,,,,,,,,,,,,,,,,,,,,,,,,,,,,,,,,,,,,,,,,,,,,,,,,,,,,,,,,,,,,,,,,,,,,,,,,,,,,,,,,,,,,,,,,,,,,,,,,,,,,,,,,,,,,,,,,,,,,,,,,,,,,,,,,,,,,,,,,,,,,,,,,,,,,,,,,,,,,,,,,,,,,,,,,,,,,,,,,,,,,,,,,,,,,,,,,,,,,,,,,,,
QConst:fQ_ConsoleLS,0,,,,,,,,,,,,,,,,,,,,,,,,,,,,,,,,,,,,,,,,,,,,,,,,,,,,,,,,,,,,,,,,,,,,,,,,,,,,,,,,,,,,,,,,,,,,,,,,,,,,,,,,,,,,,,,,,,,,,,,,,,,,,,,,,,,,,,,,,,,,,,,,,,,,,,,,,,,,,,,,,,,,,,,,,,,,,,,,,,,,,,,,,,,,,,,,,,,,,,,,,,,,,,
QConst:fQ_Flr,1,,,,,,,,,,,,,,,,,,,,,,,,,,,,,,,,,,,,,,,,,,,,,,,,,,,,,,,,,,,,,,,,,,,,,,,,,,,,,,,,,,,,,,,,,,,,,,,,,,,,,,,,,,,,,,,,,,,,,,,,,,,,,,,,,,,,,,,,,,,,,,,,,,,,,,,,,,,,,,,,,,,,,,,,,,,,,,,,,,,,,,,,,,,,,,,,,,,,,,,,,,,,,,
LeakConst:fan_a,-6276,,,,,,,,,,,,,,,,,,,,,,,,,,,,,,,,,,,,,,,,,,,,,,,,,,,,,,,,,,,,,,,,,,,,,,,,,,,,,,,,,,,,,,,,,,,,,,,,,,,,,,,,,,,,,,,,,,,,,,,,,,,,,,,,,,,,,,,,,,,,,,,,,,,,,,,,,,,,,,,,,,,,,,,,,,,,,,,,,,,,,,,,,,,,,,,,,,,,,,,,,,,,,,
LeakConst:fan_b,6.6,,,,,,,,,,,,,,,,,,,,,,,,,,,,,,,,,,,,,,,,,,,,,,,,,,,,,,,,,,,,,,,,,,,,,,,,,,,,,,,,,,,,,,,,,,,,,,,,,,,,,,,,,,,,,,,,,,,,,,,,,,,,,,,,,,,,,,,,,,,,,,,,,,,,,,,,,,,,,,,,,,,,,,,,,,,,,,,,,,,,,,,,,,,,,,,,,,,,,,,,,,,,,,
LeakConst:fan_c,1.71E-05,,,,,,,,,,,,,,,,,,,,,,,,,,,,,,,,,,,,,,,,,,,,,,,,,,,,,,,,,,,,,,,,,,,,,,,,,,,,,,,,,,,,,,,,,,,,,,,,,,,,,,,,,,,,,,,,,,,,,,,,,,,,,,,,,,,,,,,,,,,,,,,,,,,,,,,,,,,,,,,,,,,,,,,,,,,,,,,,,,,,,,,,,,,,,,,,,,,,,,,,,,,,,,
LeakConst:fan_d,3.11,,,,,,,,,,,,,,,,,,,,,,,,,,,,,,,,,,,,,,,,,,,,,,,,,,,,,,,,,,,,,,,,,,,,,,,,,,,,,,,,,,,,,,,,,,,,,,,,,,,,,,,,,,,,,,,,,,,,,,,,,,,,,,,,,,,,,,,,,,,,,,,,,,,,,,,,,,,,,,,,,,,,,,,,,,,,,,,,,,,,,,,,,,,,,,,,,,,,,,,,,,,,,,
LeakConst:Fs_meas,2.69706 96.1592 415.282 702.926 944.612 1188.64 1360.67 1419.4,,,,,,,,,,,,,,,,,,,,,,,,,,,,,,,,,,,,,,,,,,,,,,,,,,,,,,,,,,,,,,,,,,,,,,,,,,,,,,,,,,,,,,,,,,,,,,,,,,,,,,,,,,,,,,,,,,,,,,,,,,,,,,,,,,,,,,,,,,,,,,,,,,,,,,,,,,,,,,,,,,,,,,,,,,,,,,,,,,,,,,,,,,,,,,,,,,,,,,,,,,,,,,
LeakConst:Fs_true,0.307876 112.653 403.932 601.161 801.354 1000.62 1200.64 1282.19,,,,,,,,,,,,,,,,,,,,,,,,,,,,,,,,,,,,,,,,,,,,,,,,,,,,,,,,,,,,,,,,,,,,,,,,,,,,,,,,,,,,,,,,,,,,,,,,,,,,,,,,,,,,,,,,,,,,,,,,,,,,,,,,,,,,,,,,,,,,,,,,,,,,,,,,,,,,,,,,,,,,,,,,,,,,,,,,,,,,,,,,,,,,,,,,,,,,,,,,,,,,,,
LeakConst:leak_wt,0,,,,,,,,,,,,,,,,,,,,,,,,,,,,,,,,,,,,,,,,,,,,,,,,,,,,,,,,,,,,,,,,,,,,,,,,,,,,,,,,,,,,,,,,,,,,,,,,,,,,,,,,,,,,,,,,,,,,,,,,,,,,,,,,,,,,,,,,,,,,,,,,,,,,,,,,,,,,,,,,,,,,,,,,,,,,,,,,,,,,,,,,,,,,,,,,,,,,,,,,,,,,,,
[Data],,,,,,,,,,,,,,,,,,,,,,,,,,,,,,,,,,,,,,,,,,,,,,,,,,,,,,,,,,,,,,,,,,,,,,,,,,,,,,,,,,,,,,,,,,,,,,,,,,,,,,,,,,,,,,,,,,,,,,,,,,,,,,,,,,,,,,,,,,,,,,,,,,,,,,,,,,,,,,,,,,,,,,,,,,,,,,,,,,,,,,,,,,,,,,,,,,,,,,,,,,,,,,,
SysObs,SysObs,SysObs,SysObs,SysObs,SysObs,GasEx,GasEx,GasEx,GasEx,GasEx,GasEx,GasEx,GasEx,GasEx,GasEx,GasEx,GasEx,GasEx,GasEx,GasEx,GasEx,GasEx,GasEx,GasEx,GasEx,GasEx,GasEx,GasEx,GasEx,Leak,Leak,Leak,Leak,Leak,Meas,Meas,Meas,Meas,Meas,Meas,Meas,Meas,Meas,Meas,Meas,Meas,Meas,Meas,Meas,Meas,Meas,Meas,Meas2,Meas2,Meas2,Meas2,Meas2,Meas2,Meas2,Meas2,Meas2,Meas2,FlrLS,FlrLS,FlrLS,FlrLS,FlrLS,FlrLS,FlrLS,FlrLS,FlrLS,FlrLS,FlrLS,FlrLS,FlrLS,FlrLS,FlrLS,FlrLS,FlrLS,FlrLS,FlrStats,FlrStats,FlrStats,FlrStats,FlrStats,MchEvent,MchEvent,MchEvent,MchEvent,MchEvent,MchEvent,MchEvent,MchEvent,MchEvent,MchEvent,MchEvent,MchEvent,MchEvent,Stability,Stability,Stability,Stability,Stability,Stability,Stability,Stability,Stability,Stability,Stability,Raw,Raw,Raw,Raw,Raw,Raw,Raw,Raw,Raw,Raw,Raw,Raw,Raw,Raw,Raw,Raw,Raw,Raw,Status2,Status2,Status2,Status2,Status2,Status2,Status2,Status2,Status2,Status2,Status2,Status2,Status2,Status2,Status2,Status2,Status2,Status2,Status2,Auxiliary,Auxiliary,Auxiliary,Auxiliary,Auxiliary,Auxiliary,Auxiliary,Auxiliary,Auxiliary,Auxiliary,Auxiliary,Auxiliary,Auxiliary,Auxiliary,Auxiliary,Auxiliary,Auxiliary,Auxiliary,Auxiliary,MchStatus,MchStatus,MchStatus,MchStatus,MchStatus,MchStatus,MchStatus,MchStatus,MchStatus,MchStatus,MchStatus,MchStatus,MchStatus,MchStatus,MchStatus,MchStatus,MchStatus,MchStatus,ConStatus,ConStatus,ConStatus,ConStatus,ConStatus,ConStatus,ConStatus,ConStatus,Status,Status,Status,Status,Status,Status,Status,Status,Status,Status,Status,Status,Status,Status,Status,Status
obs,time,elapsed,date,hhmmss,averaging,TIME,E,Emm,A,Ca,Ci,Pci,Pca,gsw,gbw,gtw,gtc,Rabs,TleafEB,TleafCnd,SVPleaf,RHcham,VPcham,SVPcham,VPDleaf,LatHFlux,SenHFlux,NetTherm,EBSum,Leak,LeakPct,CorrFact,CorrFactPct,Fan,TIME,CO2_s,CO2_r,H2O_s,H2O_r,CO2_a,H2O_a,Flow,Pa,ΔPcham,Tair,Tleaf,Tleaf2,Offset,Offset2,Fan_speed,Qamb_in,Qamb_out,ΔCO2,CO2_s_d,CO2_r_d,ΔH2O,CO2_b,H2O_b,e_s,e_r,Td_s,Td_r,Q,f_red,f_blue,f_farred,F,Q_modavg,F_dc,Pc,Tled,TDigital,TPreamp,TPwrSpy,TDrive,Q_red,Q_blue,Q_farred,TSPF,state,F_avg,dF/dt,dF_dc/dt,F_dc_avg,period,time,hhmmss,co2_t,h2o_t,count,co2_adj,h2o_adj,co2_match,h2o_match,co2_at,h2o_at,co2_cv,h2o_cv,ΔCO2:MN,ΔCO2:SLP,ΔCO2:SD,ΔCO2:OK,ΔH2O:MN,ΔH2O:SLP,ΔH2O:SD,ΔH2O:OK,Stable,Total,State,Vflow,VPchamber,abs_c_a,abs_c_b,abs_h_a,abs_h_b,Wc_s,Wc_r,Wco_s,Wco_r,Ww_s,Ww_r,Wwo_s,Wwo_r,Flow_s_v,Flow_r_v,Tleaf_mv,Tleaf2_mv,Tleaf_j,Tleaf2_j,Console_RH,Console_T,Console_H2O,Fan_%,Flow_%,Pump,Tchp_pwm,Txchg_pwm,diag_20v,diag_5_4v,diag_12v,diag_5va,diag_3_3vf,CO2_hrs,AccCO2_soda,AccH2O_hum,AccH2O_des,ADC_CH1,ADC_CH2,ADC_CH3,ADC_CH4,ADC_CH5,ADC_CH6,ADC_CH7,ADC_CH8,DAC_1,DAC_2,DAC_3,DAC_4,GPIO,GPIO_dir,excit_5v,power_12v,power_5v,ch1_pullup,AuxPower,MatchValveR,MatchValveS,MatchCO2,MatchH2O,cf_co2_a,cf_co2_b,cf_co2_c,cf_co2_d,cf_h2o_a,cf_h2o_b,cf_h2o_c,cf_h2o_d,co2_fit_low,co2_fit_high,h2o_fit_low,h2o_fit_high,co2_elapsed,h2o_elapsed,CO2_f,CO2_f_s,Pump_f,Pump_f_s,Pump_p,Pump_p_s,Tboard,V_system,DIAG,Flow_s,Flow_r,Txchg,Tirga,Tchopper,Ts,Tr,CO2_%,Desiccant_%,Humidifier_%,Txchg_sp,CO2_r_sp,H2O_r_sp,SS_s,SS_r
,s,s,,,s,s,mol m⁻² s⁻¹,mmol m⁻² s⁻¹,µmol m⁻² s⁻¹,µmol mol⁻¹,µmol mol⁻¹,Pa,Pa,mol m⁻² s⁻¹,mol m⁻² s⁻¹,mol m⁻² s⁻¹,mol m⁻² s⁻¹,W m⁻²,°C,°C,kPa,%,kPa,kPa,kPa,W m⁻²,W m⁻²,W m⁻²,W m⁻²,µmol s⁻¹,%,,%,µmol s⁻¹,s,µmol mol⁻¹,µmol mol⁻¹,mmol mol⁻¹,mmol mol⁻¹,µmol mol⁻¹,mmol mol⁻¹,µmol s⁻¹,kPa,kPa,°C,°C,°C,°C,°C,rpm,µmol m⁻² s⁻¹,µmol m⁻² s⁻¹,µmol mol⁻¹,µmol mol⁻¹,µmol mol⁻¹,mmol mol⁻¹,µmol mol⁻¹,mmol mol⁻¹,kPa,kPa,°C,°C,µmol m⁻² s⁻¹,,,,,µmol m⁻² s⁻¹,,,°C,°C,°C,°C,°C,µmol m⁻² s⁻¹,µmol m⁻² s⁻¹,µmol m⁻² s⁻¹,s,,,min⁻¹,min⁻¹,,s,secs,,s,s,,µmol/mol,mmol/mol,µmol/mol,mmol/mol,µmol/mol,mmol/mol,%,%,, min⁻¹,,,, min⁻¹,,,,,,V,V,,,,,,,,,,,,,V,V,mV,mV,°C,°C,%,°C,mmol mol⁻¹,%,%,,V,V,V,V,V,V,V,hrs,mg,mg,mg,V,V,V,V,V,V,V,V,V,V,V,V,,,,,,,V,%,%,µmol/mol,mmol/mol,mmol/mol,,,,mmol/mol,,,,µmol mol⁻¹,µmol mol⁻¹,mmol mol⁻¹,mmol mol⁻¹,min,min,V,V,V,V,V,V,°C,V,,µmol s⁻¹,µmol s⁻¹,°C,°C,°C,°C,°C,%,%,%,°C,µmol mol⁻¹,mmol mol⁻¹,%,%
1,1648395327,0,20220327 10:35:27,10:35:27,none,1648395327,6.42E-08,6.42E-05,0.004521685,525.805,-2481.919865,-221.8324207,46.99611686,2.37E-06,0.578,2.37E-06,1.48E-06,0,28.54363408,25.6673,3.308397917,24.1341395,0.945285099,3.916796367,2.363112818,-0.002833022,89.63189159,33.50254271,123.1316013,4,100,1,0,0,1648395327,525.805,542.626,10.5761,10.3414,521.605,11.3741,0.162492,89.3596,0.0197647,28.5437,25.6673,999.9,0,0,0,0,309.527,-16.8204,531.426,548.296,0.234775,542.626,10.3414,0.94508,0.9241,6.09611,5.77163,0,0,0,0,16,0,105566,112.8,35.875,41.875,38.625,41.125,37.187,0,0,0,1648395527,0,13.99615385,-82.2461535,-302.564105,105735.1538,15,0,--:--:--,1634766402,1634766407,0,-0.787,-0.159,4.2,-0.798,434,18,0.46,0.22,-16.75677561,-1.060248084,0.107721089,0,0.236439317,-0.009726105,0.001147009,1,1,2,2-Jan,1.01114,2.56944,0.105301,0.10824,0.058616,0.054623,26518.8,21705.4,26633.5,23770.7,42870.1,37063,48217.9,42354,0.214925,0.215525,-0.134282,0,27.864,999.9,23.721,26.737,9.35537,0,0,0,0.143285,0,20.279,5.23466,11.989,4.9567,3.304,21.3,1685.2,9999,3096,1.86832,1.86401,1.87168,1.86248,1.86188,1.8683,1.85849,1.86494,5,0,0,0,11111111,oooooooo,off,off,off,off,0,100,100,4.2,-0.798,4.2,0,0,0,-0.798,0,0,0,-1,-1,-1,-1,227148.8,227148.7,0.161133,4.99756,0.302734,0,0.26123,4.99756,32.3107,15.7694,18,0.063086,-0.984167,27.5334,29.3563,30.0004,29.4182,29.3085,0,-30,-30,-999.9,400,0,111.454,98.6534
2,1648396228,900.4000001,20220327 10:50:27,10:50:27,none,1648396228,4.26E-08,4.26E-05,0.006167365,509.37,-5413.588252,-483.8579288,45.52668243,1.64E-06,0.578,1.64E-06,1.02E-06,0,29.28465635,25.4607,3.268067482,24.40091298,0.997632913,4.088506497,2.27043457,-0.001879587,119.1601841,44.65946401,163.8177685,4,100,1,0,0,1648396228,509.37,532.22,11.1619,11.0063,505.17,11.9599,0.162514,89.3594,0.0190134,29.2847,25.4607,999.9,0,0,0,0,311.33,-22.8502,515.119,538.143,0.15558,532.22,11.0063,0.99742,0.983518,6.87875,6.67447,0,0,0,0,0.2,0,106306,110.2,36.187,41.25,38.687,40.187,37.375,0,0,0,1648396427,0,-1.246153846,190.2974355,120.4444452,106212.1154,15,0,--:--:--,1634766402,1634766407,0,-0.787,-0.159,4.2,-0.798,434,18,0.46,0.22,-22.77013,-0.467034146,0.07099543,0,0.15210855,-0.012748953,0.00240383,1,1,2,2-Jan,1.01114,2.56868,0.102912,0.106776,0.0609347,0.0572868,26597.9,21778.4,26641.2,23811,42779.9,37024.8,48235.9,42430,0.211175,0.21625,-0.0778437,0,26.7355,999.9,23.892,28.339,10.3481,0,0,0,0.122716,0,20.2787,5.23256,11.9881,4.95595,3.304,21.5,1685.2,9999,3096,1.86832,1.86401,1.87167,1.86249,1.86188,1.86831,1.85851,1.86493,5,0,0,0,11111111,oooooooo,off,off,off,off,0,100,100,4.2,-0.798,4.2,0,0,0,-0.798,0,0,0,-1,-1,-1,-1,227163.8,227163.7,0.161133,4.99756,0.306396,0,0.263672,4.99756,33.5355,15.6556,18,-0.347237,-0.916558,28.5361,29.2563,30,29.3231,29.2241,0,-30,-30,-999.9,400,0,111.492,98.8271
3,1648397128,1800.4,20220327 11:05:27,11:05:27,none,1648397128,1.93E-08,1.93E-05,0.008096641,488.481,-16770.27435,-1499.1353,43.66649554,7.36E-07,0.578,7.36E-07,4.60E-07,0,29.47718029,25.5418,3.283847527,24.21472558,1.001078821,4.134173719,2.282768706,-0.000849295,122.6315346,46.0234075,168.6540928,4,100,1,0,0,1648397128,488.481,516.15,11.1987,11.1337,484.281,11.9967,0.175779,89.3743,0.0181135,29.4772,25.5418,999.9,0,0,0,0,306.909,-27.6684,494.013,521.961,0.0649986,516.15,11.1337,1.00088,0.995071,6.9292,6.84441,0,0,0,0,23,0,104987,110.8,36.25,41.25,38.687,40.25,37.437,0,0,0,1648397327,0,4.507692308,2.222222501,90.70085528,104933.5769,15,0,--:--:--,1634766402,1634766407,0,-0.787,-0.159,4.2,-0.798,434,18,0.46,0.22,-27.497045,-0.745717824,0.07612718,0,0.06991277,-0.026970421,0.002721093,1,1,2,2-Jan,1.01123,2.56779,0.0997959,0.104461,0.0610883,0.0577983,26677.9,21845.8,26628.9,23823,42755.6,37027.8,48216.5,42456.6,0.212525,0.21625,-0.0795573,0,26.8445,999.9,24.148,29.416,11.1304,0,0,0,0.123643,0,20.2792,5.23406,11.9902,4.95675,3.304,21.8,1685.2,9999,3096,1.86834,1.86401,1.87164,1.86249,1.86188,1.8683,1.85841,1.86493,5,0,0,0,11111111,oooooooo,off,off,off,off,0,100,100,4.2,-0.798,4.2,0,0,0,-0.798,0,0,0,-1,-1,-1,-1,227178.8,227178.7,0.161133,4.99756,0.307617,0,0.264893,4.99756,34.1905,15.5592,18,-0.199217,-0.916509,28.7546,29.2681,30,29.3229,29.2216,0,-30,-30,-999.9,400,0,111.445,98.8845
4,1648398028,2700.5,20220327 11:20:27,11:20:27,none,1648398028,-3.88E-09,-3.88E-06,0.011567014,470.498,126457.8884,11300.84411,42.0458116,-1.44E-07,0.578,-1.44E-07,-8.99E-08,0,29.61460397,25.8619,3.34678277,23.84316339,0.993554348,4.167040804,2.353228423,0.000171113,116.9383951,43.98690533,160.9254715,4,100,1,0,0,1648398028,470.498,500.338,11.118,11.1279,466.298,11.916,0.232544,89.3459,0.0185853,29.6146,25.8619,999.9,0,0,0,0,307.329,-29.8398,475.788,505.968,-0.00997639,500.338,11.1279,0.993344,0.994235,6.81912,6.83218,0,0,0,0,10.8,0,105219,111.7,36.312,41.375,38.812,40.375,37.5,0,0,0,1648398228,0,4.964,-30.28461544,-5.846154471,105139.48,15,0,--:--:--,1634766402,1634766407,0,-0.787,-0.159,4.2,-0.798,434,18,0.46,0.22,-29.85480976,0.128726132,0.039947135,0,-0.010850325,0.006061886,0.001163608,1,1,2,2-Jan,1.01163,2.56826,0.0969958,0.102077,0.0607419,0.057746,26745.5,21909.9,26614.1,23829.7,42750.8,37044.1,48193.5,42473.2,0.2098,0.215875,-0.0636429,0,26.9037,999.9,24.295,30.242,11.7468,0,0,0,0.128791,0,20.2794,5.23017,11.9876,4.9568,3.304,22,1685.1,9999,3096,1.8683,1.86401,1.87164,1.86249,1.86188,1.86834,1.85847,1.86493,5,0,0,0,11111111,oooooooo,off,off,off,off,0,100,100,4.2,-0.798,4.2,0,0,0,-0.798,0,0,0,-1,-1,-1,-1,227193.8,227193.7,0.161133,4.99756,0.308838,0,0.266113,4.99756,34.6006,15.4717,18,-0.497372,-0.951541,28.886,29.3495,30.0001,29.4039,29.3019,0,-30,-30,-999.9,400,0,111.388,98.9194
5,1648398928,3600.5,20220327 11:35:27,11:35:27,none,1648398928,-2.61E-08,-2.61E-05,0.012270023,454.986,20563.57856,1837.281596,40.65135851,-9.54E-07,0.578,-9.54E-07,-5.97E-07,0,29.6530267,25.9673,3.367734876,23.55740073,0.98381995,4.17626699,2.383914925,0.001151127,114.850599,43.23250415,158.0842542,4,100,1,0,0,1648398928,454.986,486.468,11.0113,11.0776,450.786,11.8093,0.233622,89.3281,0.0182942,29.653,25.9673,999.9,0,0,0,0,307.162,-31.4821,460.052,491.917,-0.0663481,486.468,11.0776,0.983616,0.989543,6.67593,6.76331,0,0,0,0,14.9,0,104938,109.7,36.375,41.437,38.875,40.375,37.562,0,0,0,1648399128,0,4.544,10.17692273,-133.6923068,104987.16,15,0,--:--:--,1634766402,1634766407,0,-0.787,-0.159,4.2,-0.798,434,18,0.46,0.22,-31.46331463,0.150562369,0.029290318,0,-0.064702568,-0.008878003,0.00125008,1,1,2,2-Jan,1.01163,2.56797,0.0945574,0.0999745,0.0603089,0.0575328,26805.6,21967.1,26602.1,23836.3,42753.3,37065.8,48174,42488.5,0.209875,0.21565,-0.0588819,0,26.9311,999.9,24.374,30.827,12.1893,0,0,0,0.131019,0,20.279,5.23421,11.9869,4.95645,3.304,22.3,1685.1,9999,3096,1.8683,1.86401,1.87164,1.86248,1.86188,1.86829,1.85841,1.86493,5,0,0,0,11111111,oooooooo,off,off,off,off,0,100,100,4.2,-0.798,4.2,0,0,0,-0.798,0,0,0,-1,-1,-1,-1,227208.8,227208.7,0.159912,4.99756,0.310059,0,0.266113,4.99756,34.8525,15.3754,18,-0.488458,-0.972513,28.9446,29.3772,30,29.4315,29.3312,0,-30,-30,-999.9,400,0,111.342,98.952
6,1648399828,4500.9,20220327 11:50:28,11:50:28,none,1648399828,-6.92E-08,-6.92E-05,0.014293974,441.114,9106.691915,813.345832,39.39720776,-2.58E-06,0.578,-2.58E-06,-1.61E-06,0,29.68117082,25.677,3.310302095,23.17423814,0.969385269,4.183029721,2.340916826,0.003053215,124.7723047,46.90620837,171.6815662,4,100,1,0,0,1648399828,441.114,474.751,10.8538,11.0153,436.914,11.6518,0.254424,89.2947,0.0182843,29.6811,25.677,999.9,0,0,0,0,309.021,-33.6365,445.955,480.039,-0.161514,474.751,11.0153,0.969186,0.983608,6.4612,6.67581,0,0,0,0,-6.7,0,105613,113.2,36.437,41.5,38.937,40.437,37.625,0,0,0,1648400028,0,4.244,110.5692309,154.2307678,105576.76,15,0,--:--:--,1634766402,1634766407,0,-0.787,-0.159,4.2,-0.798,434,18,0.46,0.22,-33.51602195,-0.187699652,0.053681293,0,-0.156696268,-6.41E-05,0.001052829,1,1,2,2-Jan,1.01178,2.56796,0.0923189,0.0981501,0.0596608,0.0572589,26858.3,22015.7,26589,23840.9,42764,37085.8,48152.9,42499.2,0.208425,0.215775,-0.0767037,0,26.9328,999.9,24.423,31.229,12.5016,0,0,0,0.134276,0,20.2791,5.23361,11.9881,4.9565,3.304,22.5,1685.1,9999,3096,1.8683,1.86401,1.87165,1.86249,1.86188,1.86829,1.85851,1.86493,5,0,0,0,11111111,oooooooo,off,off,off,off,0,100,100,4.2,-0.798,4.2,0,0,0,-0.798,0,0,0,-1,-1,-1,-1,227223.8,227223.7,0.159912,4.99756,0.311279,0,0.267334,4.99756,35.0825,15.2615,18,-0.646554,-0.96087,28.9988,29.4328,30.0001,29.4869,29.385,0,-30,-30,-999.9,400,0,111.291,98.9749
7,1648400728,5401,20220327 12:05:28,12:05:28,none,1648400728,-6.59E-08,-6.59E-05,0.011800715,430.76,7791.901066,695.599206,38.45484066,-2.51E-06,0.578,-2.51E-06,-1.57E-06,0,29.70806745,25.3999,3.256280802,22.97862154,0.962692243,4.189512593,2.293588559,0.002908125,134.24529,50.40481833,184.6530165,4,100,1,0,0,1648400728,430.76,465.211,10.7838,10.9747,426.56,11.5818,0.205027,89.2541,0.0179788,29.708,25.3999,999.9,0,0,0,0,306.599,-34.4512,435.456,470.374,-0.190849,465.211,10.9747,0.962501,0.979535,6.36077,6.61548,0,0,0,0,6.8,0,104696,110.3,36.5,41.5,38.937,40.5,37.687,0,0,0,1648400928,0,-8.653846154,-16.88205087,-0.61538504,104689.9231,15,0,--:--:--,1634766402,1634766407,0,-0.787,-0.159,4.2,-0.798,434,18,0.46,0.22,-34.462475,0.404994371,0.053475129,0,-0.191962375,0.016458923,0.001990734,1,1,2,2-Jan,1.01143,2.56765,0.0906131,0.0966364,0.0593531,0.0570674,26896.1,22055.5,26576.7,23844.2,42760,37101.1,48132.7,42508.2,0.209,0.21615,-0.093922,0,26.9379,999.9,24.399,31.552,12.7265,0,0,0,0.137195,0,20.2794,5.23451,11.9875,4.956,3.304,22.8,1685.1,9999,3096,1.86829,1.86401,1.87164,1.86249,1.86188,1.86829,1.85849,1.86493,5,0,0,0,11111111,oooooooo,off,off,off,off,0,100,100,4.2,-0.798,4.2,0,0,0,-0.798,0,0,0,-1,-1,-1,-1,227238.8,227238.7,0.159912,4.99756,0.311279,0,0.267334,4.99756,35.1978,15.139,18,-0.585125,-0.925892,29.0472,29.4759,29.9999,29.5273,29.4279,0,-30,-30,-999.9,400,0,111.242,98.9933
8,1648401628,6301,20220327 12:20:28,12:20:28,none,1648401628,-2.63E-08,-2.63E-05,0.005521313,424.048,9338.809132,833.4777905,37.84578795,-9.68E-07,0.578,-9.68E-07,-6.05E-07,0,29.7567269,25.7794,3.330462405,22.92597122,0.9631823,4.201271524,2.367280105,0.001160093,123.9371862,46.63361549,170.5719618,4,100,1,0,0,1648401628,424.048,457.335,10.7921,10.9493,419.848,11.5901,0.0993209,89.2308,0.0180302,29.7567,25.7794,999.9,0,0,0,0,315.141,-33.2874,428.674,462.398,-0.157192,457.335,10.9493,0.962987,0.977013,6.36808,6.57801,0,0,0,0,-7.6,0,107428,112.4,36.5,41.5,39,40.5,37.687,0,0,0,1648401828,0,0.592307692,6.755554473,-158.0854689,107475.5385,15,0,--:--:--,1634766402,1634766407,0,-0.787,-0.159,4.2,-0.798,434,18,0.46,0.22,-33.35193659,0.312357491,0.050048522,0,-0.155343878,0.01153085,0.002246146,1,1,2,2-Jan,1.01069,2.5677,0.0895078,0.0953964,0.0593709,0.0569531,26919.4,22090.6,26567.4,23849.4,42745.4,37115.3,48117.2,42519.3,0.21125,0.216825,-0.0732839,0,26.979,999.9,24.35,31.753,12.8507,0,0,0,0.136331,0,20.2791,5.23346,11.9903,4.95655,3.304,23,1685.1,9999,3096,1.86829,1.86401,1.87164,1.86249,1.86188,1.86829,1.85847,1.86491,5,0,0,0,11111111,oooooooo,off,off,off,off,0,100,100,4.2,-0.798,4.2,0,0,0,-0.798,0,0,0,-1,-1,-1,-1,227253.8,227253.7,0.159912,4.99756,0.311279,0,0.267334,4.99756,35.2902,15.0251,18,-0.339173,-0.862832,29.053,29.4708,30,29.5248,29.4254,0,-30,-30,-999.9,400,0,111.205,99.0175
9,1648402529,7201.4,20220327 12:35:28,12:35:28,none,1648402529,-2.72E-08,-2.72E-05,0.006608769,419.003,10781.67387,961.9336865,37.38316567,-9.97E-07,0.578,-9.97E-07,-6.23E-07,0,29.72232783,25.8196,3.338406169,22.936573,0.961721892,4.192962442,2.376684277,0.001200004,121.6125655,45.76018401,167.3739495,4,100,1,0,0,1648402529,419.003,450.13,10.7793,10.9063,414.803,11.5773,0.12717,89.2016,0.017727,29.7223,25.8196,999.9,0,0,0,0,313.02,-31.127,423.569,455.093,-0.12699,450.13,10.9063,0.961534,0.972861,6.34618,6.51616,0,0,0,0,-5.4,0,106793,111.7,36.437,41.5,38.937,40.5,37.687,0,0,0,1648402728,0,-3.073076923,129.6854698,-427.9316208,106814.5,15,0,--:--:--,1634766402,1634766407,0,-0.787,-0.159,4.2,-0.798,434,18,0.46,0.22,-31.17418293,0.101454355,0.040000207,0,-0.128732,0.000293268,0.000981228,1,1,2,2-Jan,1.01089,2.5674,0.0886631,0.094248,0.0593037,0.0567673,26935.3,22123.5,26558.4,23854.6,42735,37131.5,48102,42529.5,0.21635,0.2168,-0.0714436,0,26.989,999.9,24.325,31.914,12.957,0,0,0,0.135434,0,20.2791,5.23286,11.9873,4.95665,3.304,23.3,1685.1,9999,3096,1.86829,1.86401,1.87164,1.86249,1.86188,1.86829,1.85846,1.8649,5,0,0,0,11111111,oooooooo,off,off,off,off,0,100,100,4.2,-0.798,4.2,0,0,0,-0.798,0,0,0,-1,-1,-1,-1,227268.8,227268.7,0.159912,4.99756,0.311279,0,0.267334,4.99756,35.3596,14.9113,18,0.21846,-0.86516,29.0408,29.4607,30,29.5121,29.4118,0,-30,-30,-999.9,400,0,111.169,99.0406
10,1648403429,8101.4,20220327 12:50:28,12:50:28,none,1648403429,-2.04E-08,-2.04E-05,0.005239659,414.792,11166.81116,995.9468399,36.99451668,-7.62E-07,0.578,-7.62E-07,-4.76E-07,0,29.64272089,25.6001,3.295232344,23.05416945,0.962232737,4.173790512,2.332999607,0.00090065,125.9720084,47.33002515,173.3029342,4,100,1,0,0,1648403429,414.792,443.534,10.7888,10.8998,410.592,11.5868,0.109203,89.1706,0.0175152,29.6427,25.6001,999.9,0,0,0,0,315.623,-28.7424,419.316,448.422,-0.110992,443.534,10.8998,0.962045,0.971942,6.3539,6.50243,0,0,0,0,2.1,0,107406,112.8,36.437,41.437,38.875,40.437,37.625,0,0,0,1648403628,0,1.834615385,117.3435904,-741.2649573,107619.3846,15,0,--:--:--,1634766402,1634766407,0,-0.787,-0.159,4.2,-0.798,434,18,0.46,0.22,-28.80835366,0.343394425,0.052038837,0,-0.110404512,0.002634878,0.00105995,1,1,2,2-Jan,1.01076,2.56719,0.0879541,0.0931912,0.0593262,0.0567274,26948.8,22153.2,26550.9,23858.6,42722.1,37141,48088.6,42538.6,0.217025,0.2171,-0.0782311,0,26.881,999.9,24.271,32.075,13.0514,0,0,0,0.133117,0,20.2795,5.23361,11.9884,4.9572,3.304,23.5,1685.1,9999,3096,1.86829,1.86401,1.87164,1.86249,1.86188,1.86829,1.85851,1.86493,5,0,0,0,11111111,oooooooo,off,off,off,off,0,100,100,4.2,-0.798,4.2,0,0,0,-0.798,0,0,0,-1,-1,-1,-1,227283.8,227283.7,0.159912,4.99756,0.3125,0,0.268555,4.99756,35.4291,14.7975,18,0.293489,-0.837108,28.9943,29.4252,30.0001,29.4783,29.3774,0,-30,-30,-999.9,400,0,111.138,99.0601
11,1648404329,9001.5,20220327 13:05:28,13:05:28,none,1648404329,-4.53E-08,-4.53E-05,0.012653317,411.538,12042.23811,1073.615852,36.69033252,-1.70E-06,0.578,-1.70E-06,-1.06E-06,0,29.66014631,25.5113,3.277905193,23.0425891,0.962713571,4.177974822,2.315191622,0.001996506,129.281321,48.55621001,177.8395276,4,100,1,0,0,1648404329,411.538,437.381,10.7983,10.8899,407.338,11.5963,0.293341,89.1369,0.017279,29.6601,25.5113,999.9,0,0,0,0,319.028,-25.8433,416.03,442.197,-0.0915384,437.381,10.8899,0.962531,0.970691,6.36122,6.48372,0,0,0,0,15.7,0,108548,115.2,36.375,41.437,38.875,40.375,37.562,0,0,0,1648404529,0,1.132,51.9384618,107.9230768,108632.36,15,0,--:--:--,1634766402,1634766407,0,-0.787,-0.159,4.2,-0.798,434,18,0.46,0.22,-25.8894225,0.048332083,0.026492145,1,-0.090526603,-0.009502972,0.001089684,1,2,2,2-Feb,1.01205,2.56695,0.0873996,0.0921979,0.059349,0.0566743,26958.8,22181.9,26544.4,23863.3,42710.5,37151.3,48076.6,42547.8,0.210475,0.21605,-0.0849441,0,26.9022,999.9,24.246,32.166,13.1108,0,0,0,0.130615,0,20.2793,5.23436,11.9918,4.9559,3.304,23.8,1685,9999,3096,1.86832,1.86401,1.87164,1.86249,1.86188,1.86829,1.85847,1.86493,5,0,0,0,11111111,oooooooo,off,off,off,off,0,100,100,4.2,-0.798,4.2,0,0,0,-0.798,0,0,0,-1,-1,-1,-1,227298.8,227298.7,0.159912,4.99756,0.3125,0,0.267334,4.99756,35.4523,14.6837,18,-0.422468,-0.935161,28.9562,29.3798,30.0001,29.4338,29.3321,0,-30,-30,-999.9,400,0,111.111,99.0809
12,1648405229,9901.5,20220327 13:20:28,13:20:28,none,1648405229,-2.59E-08,-2.59E-05,0.006157583,412.145,9959.518846,887.504873,36.72674368,-1.01E-06,0.578,-1.01E-06,-6.31E-07,0,29.55942652,25.0871,3.196226604,23.15989802,0.962017996,4.153809291,2.234208608,0.001142738,139.3619485,52.20577187,191.5688631,4,100,1,0,0,1648405229,412.145,433.296,10.7957,10.8839,407.945,11.5937,0.174372,89.094,0.0172198,29.5594,25.0871,999.9,0,0,0,0,318.602,-21.1509,416.643,438.064,-0.0882025,433.296,10.8839,0.961835,0.969693,6.35072,6.46879,0,0,0,0,5.3,0,96114.6,115.3,36.312,41.312,38.812,40.312,37.5,0,0,0,1648405429,0,3.448,-97.34615395,464.6538463,96132.42,15,0,--:--:--,1634766402,1634766407,0,-0.787,-0.159,4.2,-0.798,434,18,0.46,0.22,-21.3977275,1.245774484,0.123683121,0,-0.088670018,0.001130948,0.00084356,1,1,2,2-Jan,1.01122,2.56689,0.0874749,0.0915232,0.0593222,0.0566341,26959,22201.3,26546.1,23865.8,42722.2,37157.5,48088.2,42552.9,0.2093,0.2185,-0.102155,0,26.7606,999.9,24.222,32.216,13.1421,0,0,0,0.126817,0,20.2792,5.23331,11.989,4.95665,3.304,24,1685,9999,3096,1.86829,1.86401,1.87164,1.86249,1.86188,1.8683,1.85848,1.86493,5,0,0,0,11111111,oooooooo,off,off,off,off,0,100,100,4.2,-0.798,4.2,0,0,0,-0.798,0,0,0,-1,-1,-1,-1,227313.8,227313.7,0.159912,4.99756,0.3125,0,0.267334,4.99756,35.4291,14.5698,18,-0.548883,-0.70629,28.8795,29.2396,29.9999,29.357,29.2602,0,-30,-30,-999.9,400,0,111.13,99.0922
13,1648406129,10801.9,20220327 13:35:29,13:35:29,none,1648406129,-3.48E-08,-3.48E-05,0.001858047,438.19,2701.982349,240.6860699,39.0329082,-1.27E-06,0.578,-1.27E-06,-7.97E-07,0,29.32543564,25.7575,3.326141784,23.2329346,0.952114705,4.098125016,2.374027079,0.001534927,111.1798171,41.73858852,152.9199406,4,100,1,0,0,1648406129,438.19,442.648,10.6886,10.7719,433.99,11.4866,0.248021,89.0609,0.0166878,29.3254,25.7575,999.9,0,0,0,0,318.607,-4.4581,442.924,447.468,-0.08323,442.648,10.7719,0.95194,0.959353,6.20084,6.31325,0,0,0,0,-86.7,0,95923,112.9,36,41.125,38.562,40,37.187,0,0,0,1648406329,0,-4.096,-431.9923082,-779.5846146,96075.764,15,0,--:--:--,1634766402,1634766407,0,-0.787,-0.159,4.2,-0.798,434,18,0.46,0.22,-4.44652525,0.484829381,0.063974463,0,-0.083501598,0.003750346,0.000772156,1,1,2,2-Jan,1.01174,2.56636,0.0916968,0.0930157,0.0589104,0.0562002,26840.3,22176.8,26551.2,23877.9,42746.7,37193.4,48094.1,42573.9,0.207675,0.21785,-0.0571124,0,26.6926,999.9,24.173,32.287,13.1724,0,0,0,0.112835,0,20.2793,5.23496,11.9911,4.9557,3.304,24.3,1685,9999,3096,1.8683,1.86401,1.87164,1.86248,1.86188,1.86829,1.85852,1.86493,5,0,0,0,11111111,oooooooo,off,off,off,off,0,100,100,4.2,-0.798,4.2,0,0,0,-0.798,0,0,0,-1,-1,-1,-1,227328.8,227328.7,0.159912,4.99756,0.3125,0,0.267334,4.99756,35.4523,14.4823,18,-0.72852,-0.767156,28.5667,29.0636,30,29.1489,29.0494,0,-30,-30,-999.9,400,0,111.147,99.1416
14,1648407029,11701.9,20220327 13:50:29,13:50:29,none,1648407029,-1.30E-08,-1.30E-05,0.000168706,444.566,989.578636,88.12411146,39.58956096,-4.68E-07,0.578,-4.68E-07,-2.92E-07,0,29.23001328,25.9033,3.354998917,23.25278805,0.947693048,4.075610402,2.407305869,0.000571709,103.6637511,38.92655428,142.5908771,4,100,1,0,0,1648407029,444.566,445.764,10.642,10.7363,440.366,11.44,0.0816074,89.0354,0.0167564,29.23,25.9033,999.9,0,0,0,0,315.776,-1.19809,449.348,450.602,-0.0942965,445.764,10.7363,0.947516,0.955911,6.13338,6.26116,0,0,0,0,-22.2,0,95189.7,112.3,35.937,41.062,38.5,40,37.125,0,0,0,1648407229,0,26.656,-104.2076924,-148.7230762,95162.584,15,0,--:--:--,1634766402,1634766407,0,-0.787,-0.159,4.2,-0.798,434,18,0.46,0.22,-1.243198537,-0.123895192,0.038179637,0,-0.096153093,0.008384394,0.000936911,1,1,2,2-Jan,1.01057,2.56643,0.0926685,0.0934646,0.0587008,0.0560348,26798.3,22165.7,26538.4,23878.1,42736.3,37201.3,48071.7,42575.7,0.21395,0.218875,-0.0514835,0,26.7462,999.9,24.124,32.408,13.2402,0,0,0,0.117215,0,20.2795,5.23301,11.9917,4.95695,3.304,24.5,1685,9999,3096,1.86829,1.86401,1.87164,1.86249,1.86188,1.86829,1.85846,1.86493,5,0,0,0,11111111,oooooooo,off,off,off,off,0,100,100,4.2,-0.798,4.2,0,0,0,-0.798,0,0,0,-1,-1,-1,-1,227343.8,227343.7,0.159912,4.99756,0.3125,0,0.267334,4.99756,35.5451,14.3947,18,-0.04374,-0.671069,28.5757,29.1336,30.0001,29.2112,29.1116,0,-30,-30,-999.9,400,0,111.094,99.1445
15,1648407929,12602,20220327 14:05:29,14:05:29,none,1648407929,-4.44E-08,-4.44E-05,0.000655088,441.964,1052.829186,93.72871467,39.34609547,-1.63E-06,0.578,-1.63E-06,-1.02E-06,0,29.26114547,25.701,3.315017578,23.18777169,0.946742387,4.082938194,2.368275191,0.001957843,110.9367603,41.62223085,152.560949,4,100,1,0,0,1648407929,441.964,443.282,10.6345,10.7256,437.763,11.4325,0.289287,89.0091,0.0164665,29.2611,25.701,999.9,0,0,0,0,313.141,-1.31854,446.714,448.088,-0.0910959,443.282,10.7256,0.946564,0.954672,6.11882,6.24236,0,0,0,0,0.9,0,94458.2,112.7,35.875,41,38.437,40,37.125,0,0,0,1648408129,0,12.81538462,-239.7880344,171.5931613,94389.40385,15,0,--:--:--,1634766402,1634766407,0,-0.787,-0.159,4.2,-0.798,434,18,0.46,0.22,-1.308529024,-0.06909324,0.022714524,1,-0.091113885,-0.001972861,0.000544595,1,2,2,2-Feb,1.01202,2.56614,0.0922249,0.0930433,0.0586508,0.0559729,26801.2,22176.8,26528.4,23879.1,42723.6,37205.9,48055,42578.2,0.20825,0.21755,-0.0615232,0,26.7084,999.9,24.069,32.509,13.2898,0,0,0,0.118394,0,20.2794,5.23481,11.9912,4.95745,3.304,24.8,1685,9999,3096,1.8683,1.86401,1.87164,1.86249,1.86188,1.86829,1.85849,1.8649,5,0,0,0,11111111,oooooooo,off,off,off,off,0,100,100,4.201,-0.798,4.2,0,0,0,-0.798,0,0,0,-1,-1,-1,-1,227358.8,227358.7,0.159912,4.99756,0.3125,0,0.267334,4.99756,35.5915,14.3247,18,-0.66603,-0.795144,28.5939,29.156,30,29.2336,29.1341,0,-30,-30,-999.9,400,0,111.055,99.1497
16,1648408830,13502.4,20220327 14:20:29,14:20:29,none,1648408830,-3.45E-08,-3.45E-05,0.000922845,436.447,1593.834773,141.82634,38.83694951,-1.23E-06,0.578,-1.23E-06,-7.67E-07,0,29.34413529,26.044,3.383053737,23.04302554,0.945351862,4.102550946,2.437701875,0.001519795,102.8348649,38.6644051,141.5007898,4,100,1,0,0,1648408830,436.447,438.561,10.6238,10.7032,432.247,11.4218,0.257655,88.9679,0.0164429,29.3441,26.044,999.9,0,0,0,0,312.996,-2.11395,441.134,443.306,-0.07938,438.561,10.7032,0.945179,0.952242,6.09764,6.20543,0,0,0,0,-7.3,0,94241.7,109.6,35.937,41.062,38.437,40,37.125,0,0,0,1648409029,0,-16.16923077,114.2495732,175.3572647,94286.54615,15,0,--:--:--,1634766402,1634766407,0,-0.787,-0.159,4.2,-0.798,434,18,0.46,0.22,-2.15382975,-0.253009193,0.060280407,0,-0.081217073,0.000402769,0.000449572,1,1,2,2-Jan,1.0118,2.56612,0.0913049,0.0922563,0.058581,0.0558577,26819.4,22197.1,26519.6,23880.3,42713,37213.5,48039.5,42581.7,0.2079,0.217775,-0.0419095,0,26.7301,999.9,24.045,32.589,13.342,0,0,0,0.119126,0,20.2791,5.23376,11.9905,4.95705,3.304,25,1685,9999,3096,1.86834,1.86401,1.87164,1.86248,1.86188,1.86831,1.85847,1.86488,5,0,0,0,11111111,oooooooo,off,off,off,off,0,100,100,4.2,-0.798,4.2,0,0,0,-0.798,0,0,0,-1,-1,-1,-1,227373.8,227373.7,0.159912,4.99756,0.3125,0,0.267334,4.99756,35.638,14.2546,18,-0.704611,-0.774126,28.6024,29.1685,30.0001,29.2436,29.1441,0,-30,-30,-999.9,400,0,111.018,99.1567
17,1648409730,14402.4,20220327 14:35:29,14:35:29,none,1648409730,-2.66E-08,-2.66E-05,0.001133333,430.098,2220.79163,197.5595734,38.26112106,-9.81E-07,0.578,-9.81E-07,-6.13E-07,0,29.35102727,25.6408,3.303200659,23.05050287,0.946035303,4.104185095,2.357165356,0.001174494,115.6140468,43.38365882,158.9988801,4,100,1,0,0,1648409730,430.098,433.27,10.6345,10.709,425.898,11.4325,0.212209,88.9427,0.0163769,29.351,25.6408,999.9,0,0,0,0,312.878,-3.17188,434.721,437.96,-0.0745859,433.27,10.709,0.945858,0.952492,6.10803,6.20924,0,0,0,0,-35.3,0,94428.2,112.6,35.937,41.062,38.5,40,37.125,0,0,0,1648409929,0,-19.73846154,-3.863248045,-198.2974352,94323.5,15,0,--:--:--,1634766402,1634766407,0,-0.787,-0.159,4.2,-0.798,434,18,0.46,0.22,-3.20422025,0.186137448,0.033394927,0,-0.075641035,-0.000122299,0.001317239,1,1,2,2-Jan,1.01149,2.56605,0.0902615,0.0913913,0.0586046,0.0558637,26839.9,22218.2,26509.5,23880.2,42696.2,37214.1,48021.8,42582.7,0.211225,0.21775,-0.0661612,0,26.7242,999.9,23.996,32.66,13.3721,0,0,0,0.120305,0,20.2791,5.23436,11.989,4.95745,3.304,25.3,1685,9999,3096,1.8683,1.86401,1.87164,1.86248,1.86188,1.86829,1.85842,1.86492,5,0,0,0,11111111,oooooooo,off,off,off,off,0,100,100,4.2,-0.798,4.2,0,0,0,-0.798,0,0,0,-1,-1,-1,-1,227388.8,227388.7,0.159912,4.99756,0.3125,0,0.268555,4.99756,35.6845,14.1846,18,-0.343317,-0.7765,28.6245,29.1811,30.0001,29.2585,29.1566,0,-30,-30,-999.9,400,0,110.977,99.1581
18,1648410630,15302.5,20220327 14:50:29,14:50:29,none,1648410630,-3.57E-08,-3.57E-05,0.001814988,424.239,2657.440513,236.3381356,37.72948212,-1.26E-06,0.578,-1.26E-06,-7.88E-07,0,29.37123659,26.1435,3.403016976,22.98005795,0.944244236,4.108972389,2.45877274,0.001575869,100.5787987,37.83999469,138.4203692,4,100,1,0,0,1648410630,424.239,428.164,10.6173,10.6944,420.039,11.4153,0.275133,88.9181,0.0163971,29.3712,26.1435,999.9,0,0,0,0,311.457,-3.92499,428.792,432.792,-0.0771332,428.164,10.6944,0.944067,0.950926,6.0806,6.1854,0,0,0,0,-37.1,0,93918.5,110.3,35.937,41.062,38.5,40.062,37.125,0,0,0,1648410830,0,1.94,-381.4615378,-751.7538431,94069.52,15,0,--:--:--,1634766402,1634766407,0,-0.787,-0.159,4.2,-0.798,434,18,0.46,0.22,-3.86767,-0.051330281,0.033762706,1,-0.077367975,-0.00370223,0.001269992,1,2,2,2-Feb,1.01193,2.56607,0.0892928,0.0905528,0.0585199,0.0557895,26859.1,22241.2,26500.3,23883,42685.6,37221.6,48005.7,42587.9,0.207275,0.217475,-0.0367686,0,26.7453,999.9,23.947,32.7,13.3789,0,0,0,0.12048,0,20.279,5.23331,11.9888,4.95705,3.304,25.5,1685,9999,3096,1.86829,1.864,1.87164,1.86248,1.86188,1.86829,1.85842,1.86493,5,0,0,0,11111111,oooooooo,off,off,off,off,0,100,100,4.2,-0.798,4.2,0,0,0,-0.798,0,0,0,-1,-1,-1,-1,227403.8,227403.7,0.158691,4.99756,0.3125,0,0.268555,4.99756,35.7078,14.1058,18,-0.772952,-0.802187,28.644,29.1911,30.0002,29.266,29.1647,0,-30,-30,-999.9,400,0,110.939,99.1701
19,1648411530,16202.5,20220327 15:05:29,15:05:29,none,1648411530,-2.05E-08,-2.05E-05,0.000918842,419.216,2227.682468,198.0334986,37.26689614,-7.89E-07,0.578,-7.89E-07,-4.93E-07,0,29.30312099,25.0775,3.194398919,22.92152195,0.938144079,4.092852478,2.25625484,0.000904043,131.6744963,49.26023875,180.9356391,4,100,1,0,0,1648411530,419.216,423.569,10.5532,10.6502,415.016,11.3512,0.125465,88.8802,0.0164455,29.3031,25.0775,999.9,0,0,0,0,314.265,-4.35297,423.688,428.129,-0.0969925,423.569,10.6502,0.937969,0.94659,5.98685,6.11922,0,0,0,0,23.7,0,94799.7,111.3,35.875,41,38.437,39.937,37.062,0,0,0,1648411730,0,-12.328,162.9307687,491.015381,94758.188,15,0,--:--:--,1634766402,1634766407,0,-0.787,-0.159,4.2,-0.798,434,18,0.46,0.22,-4.37925825,-0.11058,0.047856682,0,-0.096887755,-0.0021192,0.00126872,1,1,2,2-Jan,1.01088,2.56612,0.0884517,0.0897895,0.0582487,0.0555963,26877.5,22261.7,26493.8,23884.8,42686.9,37233.2,47993.1,42592.4,0.2134,0.21895,-0.0971928,0,26.6698,999.9,23.923,32.76,13.4152,0,0,0,0.117828,0,20.2793,5.23301,11.9897,4.9569,3.304,25.8,1684.9,9999,3096,1.86829,1.86401,1.87164,1.86248,1.86188,1.86829,1.85844,1.86489,5,0,0,0,11111111,oooooooo,off,off,off,off,0,100,100,4.2,-0.798,4.2,0,0,0,-0.798,0,0,0,-1,-1,-1,-1,227418.8,227418.7,0.158691,4.99756,0.3125,0,0.268555,4.99756,35.7544,14.0182,18,-0.105612,-0.664217,28.6093,29.1486,30,29.2236,29.1241,0,-30,-30,-999.9,400,0,110.911,99.1796
20,1648412430,17102.9,20220327 15:20:30,15:20:30,none,1648412430,-1.74E-08,-1.74E-05,0.000859103,415.363,2496.330747,221.8239652,36.90915867,-6.41E-07,0.578,-6.41E-07,-4.01E-07,0,29.30851786,25.618,3.298734766,22.91231199,0.938059539,4.094128693,2.360675226,0.000769333,115.0001724,43.13922335,158.1401651,4,100,1,0,0,1648412430,415.363,419.548,10.5566,10.6414,411.163,11.3546,0.12213,88.8434,0.016606,29.3085,25.618,999.9,0,0,0,0,311.391,-4.185,419.795,424.061,-0.0847921,419.548,10.6414,0.937884,0.945417,5.98554,6.10128,0,0,0,0,17.8,0,94047.5,111.4,35.875,41,38.437,39.937,37.062,0,0,0,1648412630,0,5.912,287.4615373,-303.3307695,94023.124,15,0,--:--:--,1634766402,1634766407,0,-0.787,-0.159,4.2,-0.798,434,18,0.46,0.22,-4.266734878,0.152072822,0.04100524,0,-0.086586927,0.006807393,0.001177278,1,1,2,2-Jan,1.01085,2.56628,0.0877909,0.0891089,0.0582395,0.0555396,26887.9,22279.9,26484.9,23886.4,42673.3,37238.1,47977.3,42595.5,0.213275,0.21875,-0.0657625,0,26.6949,999.9,23.868,32.801,13.4218,0,0,0,0.118064,0,20.2796,5.23436,11.987,4.9571,3.304,26,1684.9,9999,3096,1.86829,1.86401,1.87164,1.86248,1.86188,1.8683,1.85838,1.86491,5,0,0,0,11111111,oooooooo,off,off,off,off,0,100,100,4.2,-0.798,4.2,0,0,0,-0.798,0,0,0,-1,-1,-1,-1,227433.8,227433.7,0.158691,4.99756,0.3125,0,0.267334,4.99756,35.8477,13.9044,18,-0.119041,-0.682911,28.5855,29.146,30.0001,29.2211,29.1216,0,-30,-30,-999.9,400,0,110.874,99.1865
21,1648413330,18003,20220327 15:35:30,15:35:30,none,1648413330,-2.79E-08,-2.79E-05,0.001301008,412.219,2482.033022,220.4572937,36.61380986,-9.74E-07,0.578,-9.74E-07,-6.09E-07,0,29.31612861,26.2257,3.419586746,22.83871165,0.9354566,4.095925436,2.484130146,0.001232067,96.30037469,36.23516596,132.5367727,4,100,1,0,0,1648413330,412.219,416.114,10.5319,10.6154,408.019,11.3299,0.198638,88.8051,0.0161573,29.3161,26.2257,999.9,0,0,0,0,310.701,-3.89447,416.607,420.579,-0.083436,416.114,10.6154,0.935288,0.942698,5.94547,6.0596,0,0,0,0,25.8,0,93690.9,112.1,35.875,41,38.437,39.937,37.062,0,0,0,1648413531,0,19.6,117.5316234,-102.4683758,93726.36154,15,0,--:--:--,1634766402,1634766407,0,-0.787,-0.159,4.2,-0.798,434,18,0.46,0.22,-3.872180976,0.013892613,0.034456646,1,-0.083818202,-0.00957688,0.001286973,1,2,2,2-Feb,1.01139,2.56583,0.0872501,0.088527,0.0581235,0.0554186,26897.9,22297.6,26478.8,23890,42668,37248.8,47965.4,42602.2,0.21085,0.218225,-0.0292435,0,26.7043,999.9,23.843,32.841,13.444,0,0,0,0.115061,0,20.2797,5.23376,11.9884,4.95565,3.304,26.3,1684.9,9999,3096,1.86829,1.86401,1.87164,1.86245,1.86188,1.86829,1.85844,1.86483,5,0,0,0,11111111,oooooooo,off,off,off,off,0,100,100,4.2,-0.798,4.2,0,0,0,-0.798,0,0,0,-1,-1,-1,-1,227448.8,227448.7,0.158691,4.99756,0.3125,0,0.268555,4.99756,35.8711,13.7643,18,-0.383579,-0.73207,28.5649,29.106,30.0002,29.1812,29.0818,0,-30,-30,-999.9,400,0,110.847,99.2018
22,1648414230,18903,20220327 15:50:30,15:50:30,none,1648414230,-2.83E-08,-2.83E-05,0.001361886,409.614,2445.149879,217.0808104,36.36559863,-1.04E-06,0.578,-1.04E-06,-6.49E-07,0,29.31552901,25.622,3.299517874,22.84519335,0.935689674,4.095783563,2.3638282,0.001249435,115.0936558,43.17666469,158.2715699,4,100,1,0,0,1648414230,409.614,413.188,10.5394,10.6136,405.414,11.3374,0.226684,88.7638,0.0163653,29.3155,25.622,999.9,0,0,0,0,311.964,-3.57364,413.977,417.62,-0.0742512,413.188,10.6136,0.935514,0.942105,5.94896,6.05049,0,0,0,0,14.9,0,94057,110,35.937,41.062,38.5,40,37.125,0,0,0,1648414431,0,-14.78461538,-175.1452992,-317.1760672,94092.49231,15,0,--:--:--,1634766402,1634766407,0,-0.787,-0.159,4.2,-0.798,434,18,0.46,0.22,-3.551580732,-0.097162369,0.033383977,1,-0.074483056,-0.00276951,0.00069895,1,2,2,2-Feb,1.01159,2.56604,0.0867813,0.0880109,0.0581245,0.0553845,26902.2,22311.2,26469.6,23891.1,42653.9,37252.2,47949.6,42604.6,0.209925,0.218025,-0.0685677,0,26.7448,999.9,23.819,32.881,13.4669,0,0,0,0.11548,0,20.2791,5.23361,11.9905,4.9571,3.304,26.5,1684.9,9999,3096,1.86829,1.86401,1.87162,1.86249,1.86188,1.86829,1.85838,1.86488,5,0,0,0,11111111,oooooooo,off,off,off,off,0,100,100,4.2,-0.798,4.2,0,0,0,-0.798,0,0,0,-1,-1,-1,-1,227463.8,227463.7,0.158691,4.99756,0.313721,0,0.268555,4.99756,35.8711,13.6154,18,-0.4849,-0.750787,28.5951,29.121,30.0001,29.1962,29.0967,0,-30,-30,-999.9,400,0,110.81,99.2071
23,1648415131,19803.4,20220327 16:05:30,16:05:30,none,1648415131,-2.50E-08,-2.50E-05,0.001073057,407.598,2209.158287,196.1109185,36.18320092,-9.24E-07,0.578,-9.24E-07,-5.77E-07,0,29.36622562,25.5469,3.284842081,22.82080423,0.937430021,4.107786963,2.34741206,0.001103674,119.0137267,44.64193349,163.6567639,4,100,1,0,0,1648415131,407.598,410.8,10.56,10.6346,403.397,11.358,0.199161,88.7555,0.0162823,29.3662,25.5469,999.9,0,0,0,0,308.757,-3.20294,411.948,415.216,-0.0745916,410.8,10.6346,0.937257,0.943877,5.97586,6.07768,0,0,0,0,43.6,0,93324.8,108.6,36,41.125,38.562,40.062,37.187,0,0,0,1648415331,0,4.053846154,388.5196573,594.9470129,93263.95385,15,0,--:--:--,1634766402,1634766407,0,-0.787,-0.159,4.2,-0.798,434,18,0.46,0.22,-3.24207975,0.223139775,0.031329723,0,-0.075223898,0.002927785,0.000478919,1,1,2,2-Jan,1.01139,2.56595,0.0864325,0.0876061,0.0581936,0.0554564,26901.2,22319.4,26458.7,23889.5,42633.8,37247.7,47930.7,42602.7,0.212125,0.21835,-0.0744835,0,26.7666,999.9,23.794,32.921,13.4834,0,0,0,0.119055,0,20.2789,5.23496,11.987,4.95705,3.304,26.8,1684.9,9999,3096,1.86829,1.86401,1.8716,1.86247,1.86188,1.86829,1.85837,1.86483,5,0,0,0,11111111,oooooooo,off,off,off,off,0,100,100,4.201,-0.798,4.2,0,0,0,-0.798,0,0,0,-1,-1,-1,-1,227478.8,227478.7,0.158691,4.99756,0.3125,0,0.268555,4.99756,35.9178,13.5104,18,-0.244737,-0.720378,28.6458,29.1685,30,29.2433,29.1416,0,-30,-30,-999.9,400,0,110.766,99.2018
24,1648416928,21600.5,20220327 16:35:27,16:35:27,none,1648416928,-2.08E-08,-2.08E-05,0.000551971,405.556,1522.001514,135.1030958,35.99987951,-7.62E-07,0.578,-7.62E-07,-4.76E-07,0,29.35692133,25.6313,3.301339229,22.73727221,0.933497551,4.105582861,2.367841678,0.000918618,116.0939283,43.56296321,159.6578101,4,100,1,0,0,1648416928,405.556,407.75,10.5163,10.5995,401.356,11.3143,0.148639,88.7501,0.0166289,29.3569,25.6313,999.9,0,0,0,0,318.057,-2.19327,409.867,412.118,-0.083169,407.75,10.5995,0.933323,0.940704,5.91506,6.02896,0,0,0,0,-60.6,0,95684.4,115.8,36,41.125,38.562,40.062,37.187,0,0,0,1648417128,0,-7.153846154,-230.8854695,-171.8529929,95705.04231,15,0,--:--:--,1634766402,1634766407,0,-0.787,-0.159,4.2,-0.798,434,18,0.46,0.22,-2.220566585,0.110386829,0.034808668,0,-0.083292915,-0.000589104,0.000511681,1,1,2,2-Jan,1.01104,2.5663,0.0860941,0.0871071,0.0580195,0.0553154,26894.8,22333.6,26442.5,23891.6,42615.2,37257.6,47900.8,42607.7,0.21135,0.218625,-0.0694022,0,26.7677,999.9,23.746,32.972,13.4945,0,0,0,0.117904,0,20.279,5.23496,11.9867,4.95575,3.304,27.3,1684.9,9999,3096,1.86829,1.86401,1.87163,1.86246,1.86188,1.86829,1.8584,1.86481,5,0,0,0,11111111,oooooooo,off,off,off,off,0,100,100,4.2,-0.798,4.2,0,0,0,-0.798,0,0,0,-1,-1,-1,-1,227508.8,227508.7,0.158691,4.99756,0.313721,0,0.269775,4.99756,36.0347,13.1601,18,-0.32845,-0.694667,28.6456,29.1577,29.9999,29.2311,29.1296,0,-30,-30,-999.9,400,0,110.697,99.2124
25,1648417828,22500.5,20220327 16:50:27,16:50:27,none,1648417828,-3.12E-08,-3.12E-05,0.000644783,405.019,1280.774402,113.6503803,35.93963411,-1.13E-06,0.578,-1.13E-06,-7.06E-07,0,29.38393196,25.7456,3.323796103,22.63933416,0.93092596,4.111984715,2.392870143,0.001376744,113.3735611,42.57211268,155.9470505,4,100,1,0,0,1648417828,405.019,406.697,10.491,10.573,400.819,11.289,0.226033,88.7195,0.0161744,29.3839,25.7456,999.9,0,0,0,0,316.935,-1.67807,409.313,411.043,-0.0819902,406.697,10.573,0.930753,0.938028,5.87523,5.98775,0,0,0,0,54.8,0,95764.7,113.3,36,41.062,38.5,40.062,37.187,0,0,0,1648418028,0,-5.303846154,252.1059825,-0.177778921,95607.39231,15,0,--:--:--,1634766402,1634766407,0,-0.787,-0.159,4.2,-0.798,434,18,0.46,0.22,-1.69866175,-0.176896773,0.046226589,0,-0.083126448,0.004676424,0.000832088,1,1,2,2-Jan,1.01158,2.56585,0.085978,0.0869077,0.0579007,0.0551923,26890.6,22339.6,26435,23892.7,42608.7,37264.5,47887.5,42610,0.209775,0.21825,-0.0643432,0,26.799,999.9,23.691,33.022,13.508,0,0,0,0.11846,0,20.2786,5.23286,11.9887,4.95675,3.304,27.5,1684.9,9999,3096,1.86829,1.864,1.8716,1.86244,1.86188,1.86829,1.85839,1.86484,5,0,0,0,11111111,oooooooo,off,off,off,off,0,100,100,4.2,-0.798,4.2,0,0,0,-0.798,0,0,0,-1,-1,-1,-1,227523.8,227523.7,0.158691,4.99756,0.313721,0,0.269775,4.99756,36.152,12.7661,18,-0.499759,-0.729724,28.6324,29.1512,30.0001,29.2261,29.1241,0,-30,-30,-999.9,400,0,110.666,99.2175
26,1648418728,23400.9,20220327 17:05:28,17:05:28,none,1648418728,-2.77E-08,-2.77E-05,0.000430186,404.481,1053.588509,93.48044126,35.88788417,-1.01E-06,0.578,-1.01E-06,-6.32E-07,0,29.3322284,25.6589,3.306749712,22.68388785,0.929979054,4.099733963,2.376770657,0.001222996,114.4642009,42.95200176,157.4174256,4,100,1,0,0,1648418728,404.481,405.736,10.4815,10.5637,400.281,11.2795,0.200304,88.7098,0.0159601,29.3322,25.6589,999.9,0,0,0,0,317.331,-1.25473,408.765,410.067,-0.0821905,405.736,10.5637,0.929809,0.9371,5.86056,5.97345,0,0,0,0,7.5,0,95853.2,112.9,35.937,41.062,38.5,40,37.125,0,0,0,1648418928,0,2.823076923,215.4119658,-373.77778,95780.60769,15,0,--:--:--,1634766402,1634766407,0,-0.787,-0.159,4.2,-0.798,434,18,0.46,0.22,-1.235224,-0.206829118,0.052888496,0,-0.08213663,-0.003591361,0.000709194,1,1,2,2-Jan,1.0114,2.56563,0.0858844,0.0867453,0.0578599,0.0551519,26887.1,22345.8,26428.8,23895.1,42600.1,37269.8,47875.7,42614.3,0.210375,0.2183,-0.0660419,0,26.7403,999.9,23.666,33.093,13.5491,0,0,0,0.116446,0,20.2787,5.23376,11.9897,4.95685,3.304,27.8,1684.9,9999,3096,1.86829,1.86398,1.8716,1.86236,1.86188,1.86829,1.85838,1.8648,5,0,0,0,11111111,oooooooo,off,off,off,off,0,100,100,4.2,-0.798,4.2,0,0,0,-0.798,0,0,0,-1,-1,-1,-1,227538.8,227538.7,0.158691,4.99756,0.313721,0,0.268555,4.99756,36.2459,12.1795,18,-0.435197,-0.725057,28.621,29.1379,30,29.2112,29.1117,0,-30,-30,-999.9,400,0,110.639,99.2274
27,1648419628,24300.9,20220327 17:20:28,17:20:28,none,1648419628,-4.51E-08,-4.51E-05,0.000445914,404.247,813.3131058,72.1622104,35.86731464,-1.64E-06,0.578,-1.64E-06,-1.02E-06,0,29.1095462,25.7004,3.314899619,22.94858155,0.928803982,4.047326322,2.386095638,0.001988695,106.2314287,39.82645289,146.0598703,4,100,1,0,0,1648419628,404.247,405.008,10.4682,10.5476,400.047,11.2662,0.337202,88.7103,0.0159358,29.1095,25.7004,999.9,0,0,0,0,76.2293,-0.76062,408.524,409.325,-0.0794592,405.008,10.5476,0.928636,0.935685,5.84233,5.9516,0,0,0,0,-2.4,0,21997.8,23.4,35.812,40.75,38.312,39.812,37,0,0,0,1648419828,0,4.046153846,-59.96581203,-168.4752137,22059.49615,15,0,--:--:--,1634766402,1634766407,0,-0.787,-0.159,4.2,-0.798,434,18,0.46,0.22,-0.792067,-0.08115555,0.046641052,1,-0.07962486,-0.001123983,0.000977485,1,2,2,2-Feb,1.01236,2.56561,0.085861,0.0866416,0.0578177,0.0550979,26884.6,22352.4,26425.3,23899.1,42595.8,37278.7,47868.5,42621.8,0.206875,0.2175,-0.0305139,0,26.2003,999.9,23.691,33.093,13.5643,0,0,0,0.111085,0,20.2786,5.23481,11.9882,4.9575,3.304,28,1684.9,9999,3096,1.86828,1.86388,1.87153,1.86235,1.86186,1.8682,1.85837,1.86478,5,0,0,0,11111111,oooooooo,off,off,off,off,0,100,100,4.2,-0.798,4.2,0,0,0,-0.798,0,0,0,-1,-1,-1,-1,227553.8,227553.7,0.158691,4.99756,0.313721,0,0.269775,4.99756,36.152,11.1901,18,-0.816488,-0.799873,28.4845,29.0545,30,29.139,29.0395,0,-30,-30,-999.9,400,0,110.624,99.2446